step,agent_0_x,agent_1_x,agent_2_x,agent_3_x,agent_4_x,agent_0_y,agent_1_y,agent_2_y,agent_3_y,agent_4_y,agent_0_vx,agent_1_vx,agent_2_vx,agent_3_vx,agent_4_vx,agent_0_vy,agent_1_vy,agent_2_vy,agent_3_vy,agent_4_vy
0,7.172569869657862,1.169747653113291,-0.05990552952211738,0.15439301411112244,2.57953958062543,7.0780707948042805,0.0007332509687606459,-0.04326555075571091,1.0362754450480973,5.099225998088654,0.19378628849563406,-0.05521260353846136,8.342831145623716,6.7112388178955475,-0.08723668959662162,-0.13912217072030172,4.536431900061008,4.472309020304666,0.11787244420566373,0.0706529199756596
1,7.169574593181756,1.1774673038188472,-0.1599055295221174,0.23196446431501888,2.579576243173868,7.075907517266495,0.10073325096876065,0.035269886750942406,1.045964759472879,5.096465367911731,0.29378628849563404,-0.14204316108617926,8.338469311143886,6.704282709359532,-0.18723668959662162,-0.1732719165690019,4.542325522271291,4.475841666303449,0.19826291087005862,0.13568672732285258
2,7.16157931670565,1.1890655270345982,-0.25990552952211743,0.3072106457285401,2.584612905722306,7.077671011604043,0.20073325096876066,0.11195010219681865,1.0606540738976606,5.089363209857422,0.393786288495634,-0.22656492318635807,8.329107476664054,6.695619113531082,-0.2847098625266119,-0.210004238081106,4.552238667814794,4.482626002669591,0.27634893475732947,0.19891805718642658
3,7.148584040229544,1.2044260593210252,-0.3599055295221174,0.3799957614459358,2.594649568270744,7.083268516713884,0.3007332509687607,0.18662513753967064,1.0803433883224423,5.078034963698104,0.493786288495634,-0.30861853333131695,8.314871983537724,6.6851189016270265,-0.365436821911327,-0.24948695248040081,4.56605611455266,4.492571905528913,0.35198715077024345,0.2602293869851041
4,7.130588763753438,1.223425847393322,-0.4589342883745055,0.4501932226560752,2.609686230819182,7.092599773590867,0.40073325096876067,0.2591534217434593,1.105032702747224,5.062604037031538,0.593786288495634,-0.38805439091468596,8.296600142442157,6.672644554003006,-0.43268843586331474,-0.29138373711682414,4.583655472091173,4.505583374878168,0.4250435390459412,0.3195106383958486
5,7.1076420493347126,1.2459355085261257,-0.5545875644317786,0.5176857579323463,2.62972289336762,7.105557444678039,0.5007332509687606,0.32940193599830403,1.1347220171720056,5.043201317485804,0.693786288495634,-0.4647328057251425,8.274965720648991,6.658075367147165,-0.4894188581791974,-0.335430192175878,4.6049076490434695,4.521558906797961,0.49539354973782096,0.3766592850538617
6,7.0799126711131235,1.271819796422743,-0.6467021728666836,0.5823654967700704,2.654759555916058,7.122027541477955,0.6007332509687606,0.397246353842419,1.1694113315967873,5.019964677199547,0.7937862884956339,-0.5377335225426758,8.25049477774003,6.641303857538372,-0.5383232556342683,-0.38139978924954177,4.62967732653036,4.540391871050654,0.5629222013147889,0.4315804389494349
7,7.047577562469789,1.3009380712612464,-0.7351274471796365,0.6441340277420206,2.684796218464496,7.141889859170076,0.7007332509687606,0.4625711564004354,1.209100646021569,4.993078001072413,0.8937862884956339,-0.5882883128164674,8.223578614958317,6.622233868075894,-0.5818895655801833,-0.4290711693255131,4.657823436596099,4.561970892998126,0.627524152727988,0.4841869157849841
8,7.010821190110808,1.3331447726483474,-0.819725334202599,0.7029024316977468,2.719832881012934,7.165018416990098,0.8007332509687606,0.5252697230098953,1.2537899604463507,4.96366358543159,0.9937862884956339,-0.6183810802451546,8.194484136679307,6.600780309609618,-0.6224445073279389,-0.4781944915018738,4.689199644232499,4.586180238787375,0.6891037498525703,0.534399279602271
9,6.969834923400678,1.3682898942332347,-0.9003704554320382,0.7585912904852248,2.759869543561372,7.1912819031405935,0.9007332509687606,0.5852443975631175,1.3034792748711324,4.932744531419332,1.093786288495634,-0.630034639194133,8.16336191131291,6.576870585034524,-0.6621937349239464,-0.5284551191431595,4.723654831725128,4.612900202767489,0.747575046667218,0.5821458670346632
10,6.924816400629076,1.4062194587574959,-0.976950135295235,0.8111306717237715,2.80490620610981,7.220544123018749,1.0007332509687605,0.6424065309449845,1.358168589295914,4.9012427994596255,1.193786288495634,-0.6253260990944407,8.130252224566712,6.550447829077366,-0.7032553392765495,-0.5794327540941241,4.761033584058489,4.642007496119222,0.802861801686868,0.62736279158224
11,6.875968893864314,1.4467759923436845,-1.0493643970232718,0.8604600902051415,2.854942868658248,7.252664449565999,1.1007332509687606,0.696676499998397,1.4178579037206958,4.869976494504903,1.2937862884956342,-0.6064133271140406,8.095089457602885,6.52147619137266,-0.7476853243281568,-0.6305545091776535,4.801176674142832,4.673375635698334,0.8548974502143588,0.6699939283485407
12,6.823500674013151,1.4897989968539416,-1.1175259268698696,0.9065284465451677,2.909979531206686,7.287498274565919,1.2007332509687607,0.7479837034981117,1.4825472181454775,4.839655828149201,1.3864352642187554,-0.5725358138410813,8.057705191386477,6.489948465913777,-0.7974928781652131,-0.6810406044950978,4.84392154665355,4.706875332115761,0.9036250530244452,0.7099908797167283
13,6.767624377669658,1.5351254191812,-1.1692697839356183,0.9395787206909023,2.970016193755124,7.324897459740824,1.2793210862201936,0.783158705724698,1.5518689813564153,4.811029037457147,1.4119297498860153,-0.5064132515908464,8.017830547478216,6.455896435689022,-0.8546422398974961,-0.7298417899320426,4.889102799304772,4.742374876101597,0.9489972221387435,0.7473129224798397
14,6.709160888472877,1.5821043552157452,-1.1731455458919458,0.9347350042412494,3.033982248066134,7.364055395027059,1.2857869665792856,0.7724971692989167,1.622465468850716,4.785708374877605,1.432719967922066,-0.44419983511635164,7.975098435483341,6.41940434619242,-0.9210368661721132,-0.775568478246906,4.936552660411709,4.779740522225589,0.9909760243926232,0.7819269369745816
15,6.65050361117828,1.6288411054278078,-1.1767523111663665,0.9301903021235034,3.098271596395098,7.402680253492004,1.292423999467072,0.7613410573465336,1.6941014672468193,4.763498383121788,1.449144648674391,-0.387272239152738,7.9290465921747355,6.380625922280075,-0.9984802699245382,-0.8164126806158698,4.98610146163134,4.818836869074318,1.029532863534809,0.8138073188007553
16,6.5916659956199615,1.675350620533983,-1.1801177008187642,0.9259169575152156,3.162892796368452,7.440747306359331,1.299193833191492,0.749730207339412,1.766558699680539,4.744134771164151,1.4617078255919798,-0.33676435767932245,7.879122578678508,6.3398052882492815,-1.0660058555574485,-0.8159461690451659,5.03757810480808,4.859527235014356,1.0646483416374588,0.8429358737388383
17,6.532660110579023,1.7216464684097437,-1.183266189377687,0.9218899744956597,3.2278524880280264,7.478233816726301,1.3060608278650512,0.7377025917783249,1.839644090960138,4.727296553280185,1.4710003884960117,-0.2935265866060228,7.825822285900636,6.2990079797970235,-1.1081743335623437,-0.7653389346860884,5.090810521889953,4.901674028701298,1.0725089063513724,0.8569016279072527
18,6.473496801110139,1.7677409671345266,-1.186219516626427,0.9180867379363269,3.293155529421279,7.5151189463152175,1.3129919239542656,0.7252945661115048,1.9131941103849386,4.712620223949884,1.4776242499925454,-0.25812124250818075,7.770413569222519,6.260741033062719,-1.1281982147535667,-0.6875024782268723,5.144435967207522,4.94451911009666,1.0526381868523444,0.8559419301436495
19,6.4141858252788175,1.813645304031343,-1.1889970408412742,0.9144867614518504,3.3588051256189924,7.5513836746207925,1.3199565224360705,0.712541071713396,1.987075322884566,4.699714161824475,1.4821303804246495,-0.23084526294096577,7.714003658484841,6.226365909151376,-1.1309910152810032,-0.5990993643661355,5.197067876550139,4.987316206603843,1.015588158032896,0.8458190406857186
20,6.354735973236754,1.8593696421039354,-1.1916160425710185,0.9110714610212444,3.424802951740796,7.5870107282064625,1.3269263753072709,0.6994757998057601,2.0611818419057983,4.688171898677426,1.484976100467982,-0.21176869702320433,7.657454107720791,6.196410940933069,-1.1208539350958002,-0.5096277039271547,5.247847284451783,5.029607158638129,0.9684501749847046,0.83025235167463
21,6.295155171108203,1.9049232151549975,-1.1940919865423931,0.9078239519175741,3.4911492705061598,7.621984518196751,1.3338754850718848,0.686131321486087,2.1354306469291973,4.6775834638262666,1.486501929837463,-0.20077851625484724,7.601411410966001,6.170929555736712,-1.1013602961524631,-0.42415007920866304,5.296269793201018,5.0711197762218605,0.9159518068472264,0.8116038245872434
22,6.235450571781084,1.9503144127508762,-1.1964387480357601,0.9047288666769855,3.557843044759754,7.656291084271055,1.3407800117929236,0.6725391884318471,2.2097557434210704,4.667544538013524,1.4869250937547966,-0.1976202559513812,7.546343396158378,6.149722051776279,-1.0753432841336386,-0.34509445571001146,5.342067383543379,5.111699967451223,0.8612063097651891,0.7913440836944712
23,6.175628634379296,1.9955508560847255,-1.19866880905079,0.9017721919691033,3.6248820453494,7.689918043692648,1.3476181863194945,0.6587300083501254,2.2841019981088104,4.657663525215955,1.4863454882624751,-0.20193337891934704,7.492576231951697,6.132467328990779,-1.044972595638475,-0.2733784020722436,5.385127699031639,5.151267171635946,0.8062311254775153,0.7703659754302911
24,6.115695193926757,2.0406394656831806,-1.2007934287339421,0.8989411223819849,3.6922629546653747,7.722854544110154,1.3543702283711974,0.644733498820831,2.3584192725219344,4.647566856269988,1.4847599351574237,-0.21327900729167737,7.440327602169773,6.118798408887167,-1.0118691625460812,-0.20908793243543755,5.425439255305514,5.189785470407461,0.7523058505433449,0.7491927591605912
25,6.05565552249006,2.0855865218022798,-1.2028227918364411,0.8962239292937839,3.7599814660839344,7.755091219051196,1.3610182682669456,0.6305785228214206,2.4326572692798054,4.636902905905404,1.482081242771999,-0.23116052825559774,7.389734144042468,6.108344012265395,-0.9772226494449209,-0.15187753385443611,5.463054547832682,5.227245108365491,0.7002175503653387,0.7281146489424186
26,5.995514382898238,2.130397718266969,-1.2047661383871724,0.8936098431618025,3.8280323794972815,7.786620145192267,1.367546271214338,0.6162931089082211,2.506761331418405,4.625344879492625,1.4781594589297957,-0.25503845587748813,7.340873011570222,6.100750135572673,-0.9418947363618725,-0.10120059123967234,5.498065425350949,5.263650840812612,0.6504274385819026,0.7072773983918859
27,5.935276075978879,2.175078210425059,-1.2066318772785323,0.891088947712452,3.8964096930579983,7.817434800637678,1.3737216598891648,0.6024025241907252,2.580669304364895,4.61259295669875,1.472803465917916,-0.2843412576116495,7.293778274752128,6.095690106010689,-0.9065029010959776,-0.0564385076972415,5.530586797280044,5.299014710732206,0.603183206135832,0.6867392279486968
28,5.874944482114953,2.2196326578106818,-1.2084276860575076,0.8886520846595125,3.9650957760524568,7.847554926847215,1.3792663145595938,0.589596839816154,2.654309477660791,4.598375893818167,1.4671391159127367,-0.3122544067884277,7.24845312969733,6.092868180625827,-0.8714852522449242,-0.016970299540819737,5.560745957586835,5.333351672129641,0.5585941955330359,0.6665070650479497
29,5.814523097812077,2.2640652620436574,-1.2101605988751938,0.8862907677111573,4.034059091780437,7.877034768838023,1.3842623221213168,0.5777696976783222,2.727666433456428,4.582763173478746,1.4647269221129102,-0.3233806482114242,7.204878867085084,6.092019665648786,-0.8371492553810318,0.017792285852932174,5.588675667363487,5.366677025382039,0.516681390334407,0.6465593806965231
30,5.754015067868317,2.3083798004292153,-1.21183708426415,0.8839971047476137,4.103272207886502,7.905923253721939,1.3887796365782934,0.5668254766905445,2.8009027795620733,4.566594141068175,1.465522609527902,-0.31975534547920925,7.163021404316032,6.092909279941433,-0.8037077194134039,0.04838920500416541,5.6145097368802075,5.399004994416865,0.4774104806846707,0.6268604170361515
31,5.69342321365511,2.352579655666596,-1.2134631141750858,0.8817637271607985,4.172711189715417,7.934264527556467,1.3928780629987936,0.5566782747842138,2.8741789100384683,4.550606373794214,1.4689124328265837,-0.3038030030916205,7.122836018345362,6.095328740191642,-0.7713050812786293,0.07530735790082471,5.638380260914441,5.430348015268673,0.4407136282628272,0.6073689017485445
32,5.632750057946356,2.396667842024636,-1.2150442255047156,0.8795837254449664,4.242355092865357,7.9620984412956775,1.3966088929255045,0.5472509481046115,2.9476245316797973,4.535416223639634,1.4737122836680472,-0.2795927484143843,7.08427076428143,6.099094108086683,-0.7400365428346544,0.09898153061462213,5.660415942327583,5.4607164603561005,0.4065037294819178,0.5880432817242979
33,5.57199784667112,2.4406470282968846,-1.216585575178962,0.877450590213759,4.312185537511632,7.989460988700908,1.4000162555611029,0.538474218662945,3.0213101458631995,4.521436586218915,1.4794998249659388,-0.24714422494923083,7.047268937139697,6.104043184617414,-0.7099619889855213,0.11979814593176556,5.680741128801679,5.4901186244423155,0.3746837233569744,0.5688447629804303
34,5.511168567912172,2.4845195578075727,-1.2153680232120079,0.8734006322559099,4.382186350289687,8.016384699634056,1.4031382369044192,0.5302858551166132,3.0952851371114964,4.509079374971453,1.485730066128313,-0.20641262219728304,7.011770837690421,6.110033091914002,-0.6811161651990464,0.13810019737527043,5.699475314969527,5.518560862591337,0.34515264281557695,0.5497389915883317
35,5.450400166751572,2.5281895894203683,-1.2095273418714023,0.8659073197076628,4.4523432621349075,8.042898992389887,1.4060078091323334,0.522629927060148,3.169571640417912,4.498758743861589,1.4916737202445787,-0.15782747647890227,6.977715029430469,6.1169381017827655,-0.6535161927915241,0.15419249929202156,5.716732947110306,5.5460478121707535,0.3178095386262754,0.5306969071015377
36,5.389923799658002,2.5714849554057513,-1.192762856664761,0.849437108371201,4.522643652591524,8.069030488742895,1.4086536045178235,0.5154561305086423,3.244155326430141,4.490867370037644,1.4964934264201863,-0.10250572999188726,6.945039219790893,6.124647726747367,-0.627167209069433,0.16834682082076657,5.73262342404162,5.57258265752583,0.2925560202910802,0.5116951024703835
37,5.330285656824763,2.613956810824311,-1.1698441777912056,0.8277445046086431,4.593076332817415,8.094803295268326,1.4111005617051593,0.5087191806442761,3.3189799977511503,4.4857420835380495,1.4993746059987867,-0.04331040159111391,6.913680859337421,6.133065067788405,-0.6020667078216042,0.18080672252223892,5.747251225056174,5.5981674126493495,0.2692979062438716,0.4927159121499096
38,5.271793447935203,2.6553440360547436,-1.1446709612735635,0.8041375808182203,4.663631360902674,8.12023925430054,1.4133704669413985,0.5023782670238162,3.3939487280510896,4.483576563458493,1.4999061445771051,0.016779674008874035,6.883577523946341,6.142105403914517,-0.5782080029813279,0.19179205695014337,5.760716120368367,5.622803208256845,0.2479463073901671,0.47374735879684754
39,5.214559899871525,2.6955509150956547,-1.1202652626286724,0.7814733628170412,4.734299884249744,8.14535816765173,1.4154824086504068,0.4963965660651197,3.4689440352799448,4.484415547158937,1.4981324354615562,0.07482784119581493,6.854667123797275,6.151695006762024,-0.5555831390058156,0.2015031791985424,5.7731134357378755,5.646490576196687,0.2284183581334319,0.4547830494099802
40,5.158546636740091,2.734624583236507,-1.098772072222061,0.7621466773178659,4.805074004682264,8.170177995954987,1.4174531603357807,0.4907408055726644,3.5438506570530226,4.488156939218728,1.4945147947129378,0.1281621175860699,6.826887966846984,6.1617701657219515,-0.5341855076541824,0.21012496645965467,5.784534353644547,5.669229728667186,0.2106377391517415,0.4358220764208573
41,5.103608033128988,2.7727319171024,-1.0798272973324778,0.746280439435433,4.875946662699053,8.19471503623362,1.4192975040533289,0.485380876207531,3.6185763967886695,4.494565045098031,1.4898073579858255,0.17456814168482845,6.800178691464275,6.172276414044934,-0.5140124014016839,0.21783078854440588,5.795066240602134,5.6910208324882285,0.19453508867804403,0.41686896755270175
42,5.049616668262364,2.810045939074172,-1.058609211634579,0.7289054908067663,4.94691153790172,8.218984080043995,1.421028504473647,0.4802894850747727,3.693066764687961,4.503293452182272,1.4849446076401376,0.21198941539727426,6.774478071394191,6.183167953472155,-0.4950677357710487,0.2247866182897665,5.804792995036037,5.711864280865863,0.18004837646022753,0.39793371639936076
43,4.996686207680635,2.8464912136145104,-1.0352220098357967,0.7100992147952275,5.017962963125402,8.242998554297733,1.4226577417575248,0.4754418469354373,3.767313995069968,4.513892922952136,1.4810670431554316,0.2375719126471546,6.7497246846056385,6.194407284386643,-0.47736521057352616,0.2311555368403854,5.813795413859048,5.731760966685831,0.16712330314581467,0.3790319268608785
44,4.944925107188845,2.881996174354272,-1.0097729650528973,0.6899408319569604,5.089095850213279,8.266770646644504,1.4241955100085517,0.4708154089146622,3.8413673472277394,4.525771518584494,1.4791783727164152,0.24906091963216043,6.725856424076962,6.205965061228662,-0.4609322650945422,0.2371029923709458,5.822151579016339,5.750712563028875,0.15571378552827883,0.36018511597805525
45,4.8944364589362,2.9164932159521197,-0.9823720913649809,0.6685111606526619,5.160305625713707,8.290311417090237,1.4256509868819334,0.46638960494694737,3.9153262658635604,4.538224564566102,1.479880467880843,0.24485465236498288,6.702809810822235,6.21782021084721,-0.4458153421894326,0.2428033437270683,5.829937268292753,5.768721818827778,0.1457826075586756,0.34142123093527055
46,4.845317854367951,2.949918773984753,-0.9531318071066303,0.6458923790510784,5.231588175057803,8.313630897337584,1.4270323789630828,0.4621456365594773,3.9893202892576025,4.550467297184351,1.4831859469991464,0.22396304745257745,6.6805190437127635,6.229960378033563,-0.432087256034844,0.24844851302756335,5.837226398670686,5.785792880374542,0.13730234441759825,0.32277547279694496
47,4.7976612640126195,2.982213392937307,-0.9221665997263259,0.6221677890879029,5.302939794005957,8.336738179165557,1.4283470467414663,0.4580662769348247,4.06347958660756,4.56166544955698,1.48843110676393,0.1859377326351557,6.658914680911021,6.242382803684941,-0.41985795954265576,0.2542600865633028,5.844091515891566,5.801931654014389,0.13025673102200133,0.3042915693985298
48,4.751552934026304,3.013321782391702,-0.8895926930127626,0.5974215829261791,5.374357146343031,8.3596414930123,1.4296016123603865,0.454135695510255,4.137901141945757,4.570962336188738,1.4942838970904164,0.1308267361676428,6.637921782933888,6.255095808013106,-0.40929091397250855,0.2605071322193724,5.850604352442666,5.8171462324843155,0.12464274919784628,0.28602374016865545
49,4.707073299375666,3.043192861538011,-0.8555277174677225,0.5717386124457786,5.44583722696105,8.382348277787813,1.430802052794631,0.4503393006597023,4.212615336800278,4.57750367299712,1.4987167727726398,0.062032531868073545,6.6174572372352625,6.268121164624075,-0.4006289676309402,0.26753374248802103,5.856836489902558,5.831447419492748,0.12047390494887544,0.26803976946771635
50,4.664296913502279,3.0717797921603,-0.8200903845787766,0.5452041622700726,5.517377329600782,8.404865242820797,1.4319537806732496,0.4466635982656153,4.28755117543891,4.580605299590524,1.4999991984452046,-0.0015506978249530275,6.597425788853715,6.281497851748476,-0.3942370040911822,0.27580372972020273,5.8628601851500015,5.844849407966134,0.11778553124810667,0.25042594374093025
51,4.62329239427334,3.0990400002738037,-0.783400165718385,0.5179037268176448,5.588975018634445,8.427198422734078,1.433061714606589,0.4430960642217705,4.36255113536117,4.580527764699276,1.4987893820024958,-0.06025270447521269,6.577713938649156,6.295288038234486,-0.39067555763726936,0.2859769543841322,5.868749461712407,5.85737070515318,0.1166436764116553,0.23329528211752043
52,4.584122385987421,3.1249351866146857,-0.7455769763680562,0.48992279184585263,5.660628104364774,8.449353225945167,1.4341303405809231,0.4396250291160022,4.437490604461295,4.577515129475516,1.4956294489720832,-0.1144226872934882,6.558180160767292,6.309586885953693,-0.3908348272785639,0.29904722049996085,5.87458164553299,5.869035469259056,0.11716065076600525,0.21680193039579304
53,4.546843537169019,3.149431326206978,-0.7067408663371897,0.46134662093131107,5.73233462139382,8.471334477400967,1.4351637657391516,0.4362395735251652,4.512272076909899,4.571793995110841,1.4909622246281562,-0.1644130309064929,6.538638419403364,6.324539246978691,-0.3961943828800544,0.3166079534999644,5.88043967807129,5.879875565778845,0.11952370006784184,0.2011678795293772
54,4.511506493852159,3.1724986572535436,-0.6670117166161746,0.43226004731001844,5.804092809680777,8.493146456077225,1.4361657656628706,0.4329294325152545,4.586820188141307,4.563573343565516,1.485146796335225,-0.21056826288692654,6.518828700259362,6.3403696446536895,-0.4093649801836396,0.34140378468014687,5.8864158630746815,5.889933959755314,0.1240515277999742,0.18673636063615137
55,4.478155908021351,3.1941116596190446,-0.6265089434723421,0.40274727147692985,5.875901097963921,8.514792927702988,1.4342009083843787,0.4288062123764865,4.661077527958069,4.55304493042117,1.4784724150120727,-0.25321792600124027,6.498360451250179,6.357439833887697,-0.4353194812588354,0.3785779341110568,5.89261843946468,5.899270777787122,0.1313155029698385,0.1740888246095682
56,4.446830460847734,3.2142490231928913,-0.5853512103655649,0.3728916649213934,5.94761114338314,8.536233238321813,1.4286947581236922,0.4237037491598995,4.7350011487086725,4.540384034121108,1.4711705938945314,-0.29267231447475867,6.476594477187238,6.37636873059325,-0.4761020789450128,0.42680337074710595,5.8991842146131725,5.907975219017601,0.14242877677965624,0.16433258739811685
57,4.417562900329456,3.232893606438961,-0.5436561482277763,0.3427755803510531,6.019045881289325,8.557418425779808,1.4197407593485618,0.4176568319927859,4.808559678403399,4.5257504183973705,1.463425441693138,-0.32922025546014544,6.4527893732399875,6.397708899130605,-0.5235911737971485,0.4697786606978455,5.906305653452155,5.9161918483875064,0.1540677194020931,0.15524109312410164
58,4.3903800929180665,3.250032385456514,-0.5015400846175185,0.31248016873266776,6.090032919256753,8.578301267379448,1.4074388736475003,0.41070182838195046,4.8817309504880555,4.509289405624363,1.4553823648302786,-0.36312831360419395,6.4266098145501305,6.421197832165498,-0.5793628343337167,0.5057718202091667,5.91400903942226,5.923953903043712,0.1650596165170199,0.14596605473844154
59,4.365303088687191,3.2656563938931473,-0.4591177822269477,0.28208520345386445,6.160404862939128,8.598836358798545,1.3918951831905941,0.40287655778140385,4.954500068729569,4.491132989944154,1.4471553185192272,-0.3946409559099438,6.397641672833444,6.446486423175956,-0.6449783468273349,0.5323605749415434,5.9222620202481115,5.931252205780634,0.17539154690556827,0.13653478957961265
60,4.342347199575843,3.2797606540658406,-0.4165021871845974,0.2516689118851995,6.229999622098657,8.618980186687615,1.3732214878109918,0.3942201643749161,5.02685783465553,4.471400942148657,1.4388327992529224,-0.423981338969063,6.365392755492078,6.4731044519230325,-0.7215526910471104,0.5465622783717974,5.93103159759339,5.9380789452596145,0.18505252999311037,0.12697439091290838
61,4.321522090216614,3.2923440996601006,-0.3738041875627385,0.22130781459711657,6.298660696489207,8.638691194906361,1.351534896857903,0.384772989409137,5.098799474618176,4.450201875200204,1.4304827654480694,-0.4513524761824663,6.3293151209397225,6.500432565841622,-0.8095375970024714,0.5447978919879505,5.940284224093046,5.94442766480526,0.1940335096362,0.1173116652389227
62,4.302831880838477,3.3034094903899565,-0.33113238246346455,0.19107657246152268,6.3662374413321015,8.657929844376818,1.326957416959114,0.3745764434065651,5.17032361289058,4.427634251391081,1.4221566574009479,-0.4769386142997475,6.288838241089599,6.52767246044102,-0.9064286091038081,0.5258097624227087,5.949985899574855,5.950293248067206,0.20232733346322962,0.1075730717295044
63,4.2862752617153035,3.3129633190130328,-0.28859286202276563,0.16104784184282586,6.432585312180057,8.676658666547146,1.2996155368156501,0.3636728785805346,5.241431445760627,4.403787320676093,1.4138926678887025,-0.5009067015828071,6.243516810634409,6.553962948562155,-0.9988735019101052,0.5059343413666281,5.9601022662480165,5.955671901653681,0.209928727920493,0.09778466389472423
64,4.271845618614165,3.321015711105174,-0.2462889986369255,0.13129213805844264,6.4975660890208395,8.694842310476172,1.2696398101333748,0.3521054617666385,5.312126079155062,4.378741985596953,1.405718393992312,-0.5234078684846792,6.193573135538903,6.579259665630487,-1.0867412008734854,0.48524128143089273,5.9705987026440415,5.960561134848417,0.21683426918266674,0.08797203357648982
65,4.259531168682319,3.327580318008096,-0.20432124968067444,0.10187770726406195,6.561048079527509,8.712447583564504,1.2371644377761173,0.33991804817663845,5.3824119988546775,4.352571592172719,1.3976529808679765,-0.5445788694678297,6.139236075495229,6.603521729702032,-1.1699150236080058,0.4638007121401342,5.981440416103175,5.964959736527241,0.2230423500934849,0.07816025735647447
66,4.249315106198285,3.3326742033712993,-0.16278697195173736,0.07287040689439467,6.6229063014163145,8.729443485973336,1.2023268502024578,0.32715505627197183,5.452294647898077,4.325342648699327,1.3897088501775068,-0.5645434542515859,6.080740324314829,6.626711765309039,-1.2482926477719793,0.44168305387806733,5.99259253360785,5.9688677493950655,0.2285531433085759,0.06837384545801829
67,4.241175757600698,3.336317723716019,-0.121780248041822,0.044333594765808906,6.683022643926438,8.745801238786935,1.1652672912236994,0.3138613440444803,5.521780090406952,4.297115475986748,1.3818930900722481,-0.583413650517858,6.01832569192623,6.648795918002942,-1.3217860437728337,0.41895883529220185,6.004020190773279,5.972286441667967,0.2333685608180559,0.05863669321363232
68,4.235086745198607,3.338534403454309,-0.08139172479977516,0.016328026923201802,6.741286008487623,8.76149430598916,1.126128404093904,0.3000820869819961,5.590874744910565,4.267944793460854,1.3742085700519522,-0.6012909495375504,5.952236389737588,6.669743859767552,-1.3903213732542368,0.3956985145362878,6.015688618814181,5.975218276328648,0.23749221003152746,0.04897203516171093
69,4.231017158958618,3.3393508048004694,-0.04170846401867495,-0.011088235710254638,6.797592428692318,8.77649841033826,1.085054820914294,0.2858626579859628,5.659585173413162,4.237880245983977,1.3666548325573014,-0.618267392515386,5.882720321074876,6.689528785494367,-1.4531896464542449,0.3718062014520296,6.027563229315757,5.977666878086733,0.2409293466126171,0.03940240182805352
70,4.228931735757684,3.338796393014957,-0.0028138054451028183,-0.037859911845182684,6.8518451697380325,8.790791543237559,1.0421927563039397,0.2712485094973753,5.727917915041027,4.206966876358208,1.3592288035865558,-0.6344265595801136,5.810060838752164,6.708119095566968,-1.4618314403751678,0.3362273634472107,6.039609696646388,5.979636998178136,0.2436868242541007,0.02994957923983327
71,4.228791045485429,3.336903397422698,0.03521275782417671,-0.0639345754874619,6.903954807553229,8.804353968712427,0.9976896062565584,0.2562850580760375,5.795879355220355,4.175245548379202,1.3519253567079563,-0.6498444659224734,5.736969266733405,6.724930463739328,-1.4692126582985108,0.30234775457314667,6.051794037859093,5.981134477140127,0.24577304158801566,0.020634571211748394
72,4.230551683376638,3.3337066686483245,0.07229569152533702,-0.08926272275907118,6.9538392878660575,8.817168221616228,0.9516935530696019,0.24101757166648982,5.863475623055752,4.142753325083079,1.344737758327012,-0.6645903710780368,5.66350863381848,6.740047851467986,-1.4754906380257617,0.270050693571282,6.064082689938494,5.982166205700715,0.24719788642794752,0.01147756443626607
73,4.234166467952905,3.329243532510371,0.10836351998940785,-0.11379782991017157,7.001423965519538,8.829219100199552,0.9043531771966778,0.22549105977199074,5.930712510972103,4.109523806529177,1.3376580167364251,-0.6787275081067323,5.589734101917192,6.75355038614655,-1.4808012013716223,0.2392233308361883,6.076442584259891,5.982740083922528,0.24797267754291102,0.002497896402141443
74,4.239584643952376,3.3235536410148625,0.14334891351306359,-0.13749640257559675,7.046641624379372,8.840493653188151,0.8558170768379029,0.20975016674568794,5.997595411808924,4.07558743112384,1.33067715312612,-0.6923137396788868,5.515694041848611,6.765511552688359,-1.485261528360732,0.209757460824502,6.088841218137037,5.982864978742636,0.2481101041639306,-0.00628597384222075
75,4.246752089628028,3.3166788208860827,0.1771887633986544,-0.1603180163496109,7.089432478221267,8.850981161525436,0.8062334960451056,0.19383906839561277,6.06412926946523,4.040971744139896,1.3237854091887162,-0.7054021480113761,5.441430965430574,6.775999425729585,-1.4889726654417879,0.18154999743094669,6.101246723345233,5.982550680050524,0.24762416342556737,-0.014856492071479255
76,4.255611527797961,3.308662920068602,0.2098242447533228,-0.1822253487728357,7.129744153023522,8.860673114945216,0.7557499620800335,0.17780137208742525,6.130318539924666,4.005701636739327,1.3169724030750498,-0.7180415653280308,5.366982332158485,6.785076925601132,-1.49202170277581,0.15450319882116506,6.113627931516511,5.9818078554469505,0.2465300959452534,-0.023197032410400727
77,4.2661027400356275,3.2995516526299604,0.24120086716562783,-0.20318420284460584,7.167531651127524,8.869563183549587,0.7045129327239754,0.16168002051595337,6.196167160078418,3.9697995584729258,1.3102272431121147,-0.7302770511297938,5.292381247019694,6.79280208554219,-1.4944836564003272,0.12852470872290928,6.125954436313774,5.98064800382643,0.24484431974338342,-0.03129191801067048
78,4.278162783393909,3.2893924424877303,0.27126851340574193,-0.22316352219264965,7.202757297763722,8.877647184575386,0.6526674541966188,0.14551719930354973,6.261678522234024,3.933285705916436,1.303538606790132,-0.7421503221097738,5.217657064199678,6.799228320978336,-1.4964230898555941,0.10352746566509007,6.138196652300943,5.979083407925897,0.24258436270669703,-0.03912643888990748
79,4.291726209064196,3.2782342663780977,0.2999814663219391,-0.24213539804988085,7.235390670473553,8.884923044540564,0.6003568303006361,0.12935424857016628,6.326855452573531,3.8961781898109473,1.2965683424813974,-0.7535104220845981,5.142835909706898,6.80440469426159,-1.4978955075190599,0.07942951941323681,6.150325870436277,5.977127085981401,0.23976879379656935,-0.04668686695213688
80,4.306725282380293,3.2661274964756037,0.327298424131717,-0.26007506820519966,7.265408511988585,8.891390756969072,0.5477223033665615,0.11323157860685851,6.391683869697601,3.858502668706717,1.2865134882634057,-0.7627311437547772,5.067941134330945,6.808376170232252,-1.4989485489880219,0.05615378425986696,6.1623143101261055,5.974792742633794,0.23641715320242815,-0.05396046821558575
81,4.323090203586879,3.253123743065344,0.3531825043304456,-0.2769609081115108,7.292794627156913,8.897052335899415,0.4949027475300871,0.09718858977120803,6.4560095441107705,3.8203661115189784,1.2734685845446603,-0.7698375713279904,4.992993706881544,6.811183859445245,-1.4996230107391493,0.033627751361775315,6.174135167786227,5.972094719223015,0.23254988163864906,-0.06093551228006807
82,4.340749328803401,3.2392756976597683,0.3776012364638767,-0.2927744143496512,7.317539764533417,8.901911765387975,0.4420343748311082,0.08126359670993163,6.5196829733380035,3.7818742329525787,1.2575335196982251,-0.7748595103524862,4.9180125563445865,6.812865247013334,-1.49995371820291,0.01178317653545917,6.18576266186816,5.969047943609011,0.22818824898095835,-0.06760127907239935
83,4.359629390626595,3.2246369769422856,0.4005265440331459,-0.30750018066155926,7.339641483274972,8.905974945223472,0.38925045458077856,0.06549375700075914,6.582559649322914,3.7431312574349542,1.2388131600115893,-0.7778313069730498,4.843014870434441,6.8134544058401065,-1.4999702684537604,-0.009444244530599718,6.197172074317208,5.965667879655391,0.22335428243561328,-0.07394806291422217
84,4.3796557178282525,3.2092619679092076,0.4219347158220237,-0.3211258667797955,7.359104006004011,8.90924963307351,0.33668104639962937,0.04991500429254116,6.644500307323494,3.704239692086302,1.2174169755178736,-0.778791659902218,4.768016357011753,6.812982193613577,-1.4996976610043005,-0.03011520510024196,6.208339788438988,5.96197047650968,0.21807069443144947,-0.07996717396231841
85,4.400752453619353,3.1932056745702178,0.44180636695609665,-0.3336421602934219,7.375938058323992,8.911745383288137,0.284452747286557,0.03456198600952674,6.705371156099387,3.665300109091191,1.193458662736472,-0.7777834257407243,4.693031473961538,6.811476433358565,-1.4991568317340322,-0.05028711430553991,6.219243323160561,5.957972117811564,0.2123608104213007,-0.08565093707692668
86,4.422842771967158,3.1765235665555465,0.46012639002226274,-0.3450427318022582,7.39016069568832,8.913473482588614,0.23268845303531235,0.019468005672856295,6.765044089236211,3.6264109378041547,1.1670557653358107,-0.7748534182835125,4.618073632374836,6.8089620776432875,-1.4969931806181707,-0.06995031208929155,6.229861363681626,5.953689570957717,0.20624849677532703,-0.09099268817876396
87,4.445849091468271,3.1592714299654334,0.47688389659438446,-0.35532418362264,7.401795118340086,8.914446882872257,0.18150713427213244,0.00466496987957875,6.823396877503002,3.587668266889979,1.1383292937133247,-0.7700522024483791,4.5432239733439275,6.805464562038823,-1.4911357287008704,-0.08899621214268552,6.2401737885203925,5.949139936548779,0.19975808894444946,-0.09598676816036297
88,4.46969328629799,3.1415052207843015,0.49207214952714745,-0.3644859923180066,7.4108704750536925,8.914680131366236,0.13102362734544373,-0.009816660033048995,6.880313342188668,3.54916565676756,1.1074033444680613,-0.7634338834634153,4.468667186908884,6.801014751431689,-1.4816822301299573,-0.10739108891452143,6.250161692967615,5.94434059814076,0.1929143200674055,-0.10062851442197508
89,4.494296893774347,3.1232809211684014,0.5056884863951054,-0.37253044533693247,7.417421656420965,8.914189298364583,0.08134844025624191,-0.02394791162255999,6.935683509412071,3.510993962594389,1.0744047207196463,-0.7550558919469547,4.394583075402386,6.795645196985963,-1.4687372297015648,-0.12510360323670472,6.259807408970985,5.939309172419661,0.1857422501899265,-0.10491425010664597
90,4.519581318094103,3.104654398901555,0.5177342344675466,-0.37946257204959016,7.421489078433777,8.912991902783455,0.03258757377590652,-0.037701340272250576,6.989403745448053,3.4732411679970414,1.0394625542037714,-0.744978765509747,4.321146213917308,6.789390016824128,-1.4524116487085572,-0.14210482697854715,6.269094521480482,5.934063459914329,0.17826719625921594,-0.10884127111314514
91,4.54546802981748,3.0856812702990752,0.528214617622189,-0.38529006948108907,7.423118457122572,8.911106835769843,-0.015157642143061097,-0.05105106342664249,7.041376873158241,3.435992229721554,1.0027079300489943,-0.7332659275036021,4.24852563148188,6.7822847754752,-1.432822364166121,-0.15836826111875174,6.278007881293442,5.928621396358672,0.17051466305129834,-0.1124078309692152
92,4.571878760698589,3.0664167668250206,0.5371386556117965,-0.3900232230466765,7.42236057501542,8.90855428259851,-0.061790696598494295,-0.063972790151494,7.091512269660691,3.3993289333463736,0.9642735151125772,-0.7199834635338365,4.176884513273574,6.774366362419262,-1.4100917826154744,-0.17386984733800484,6.286533614446007,5.923001004810211,0.16251027518293065,-0.11561312365110066
93,4.598735693479179,3.046915605672687,0.5445190561076083,-0.3936748225994216,7.419271040185495,8.905355643090935,-0.10722003058718402,-0.0764438460496576,7.13972594541632,3.3633297601696817,0.924293190724448,-0.7051998963445559,4.1063799241428,6.765672870052362,-1.3843474096931785,-0.18858797324897972,6.294659128205154,5.917220348627656,0.1542797103536439,-0.11845726443851594
94,4.625961646284559,3.0272318645427156,0.5503720999519953,-0.39626007410573133,7.413910038656136,8.901533450788452,-0.15135915448466028,-0.08844319357498835,7.185940604952542,3.328069765352454,0.8829016906582406,-0.6889859596761728,4.037162553658141,6.756243471389913,-1.3557214166374014,-0.2025034713938352,6.302373113722837,5.91129748540573,0.145848633957132,-0.12094126889711809
95,4.65348025128216,3.0074188608374293,0.5547175200600036,-0.3977965072678848,7.4063420809319025,8.897111291109702,-0.19412675020823167,-0.0999514477970617,7.2300856894854535,3.2936204673686453,0.8402342451168774,-0.6714143716836379,3.969376482826271,6.746118297820222,-1.3243502048837859,-0.21559961215194687,6.309665545420693,5.905250421960874,0.13724263519464874,-0.12306703008315889
96,4.681216127285159,2.987529035474035,0.5575783744154317,-0.3983038794157201,7.396635743421491,8.89211371871985,-0.2354467581525021,-0.1109508876796457,7.272097401741298,3.2600497487844633,0.7964262314874025,-0.652559608491726,3.903158972582082,6.735338317212625,-1.290373969882417,-0.22786209071262117,6.316527677180426,5.899097070456716,0.12848716481633474,-0.12483729406730586
97,4.709095046005931,2.9676138415032494,0.5589809136118241,-0.39780407599168977,7.384863405513866,8.886566174335869,-0.2752484490226452,-0.12142546294567248,7.311918713315667,3.227421768359877,0.7516128325858724,-0.6324976784504027,3.838640274087961,6.723945212676994,-1.253936265243873,-0.23927900827889875,6.322952035421243,5.892855205753351,0.11960747460949195,-0.12625563387664127
98,4.737044091686522,2.947723637703665,0.5589544433922681,-0.3963210079547209,7.371100983062734,8.880494901188586,-0.31346648072565353,-0.13136079661084954,7.349499354944961,3.195796884437357,0.705928703078162,-0.6113058976388832,3.7759434608257676,6.711981262263049,-1.2151835682965866,-0.24984084767923787,6.328932409151717,5.886542424059519,0.1106285587457794,-0.12732642195557503
99,4.764991813856136,2.9279075873059286,0.5575311826441715,-0.3938805064286971,7.355427659026451,8.873926861358044,-0.35004094051352996,-0.140744183277033,7.384795790098869,3.165231589555413,0.6595076447266798,-0.5890626671515258,3.7151842824109385,6.699489219879087,-1.1742648481098725,-0.2595404435738713,6.334463837089006,5.880176102961741,0.10157509709213595,-0.12805480124784388
100,4.792868372988345,2.9082135619844935,0.5547461173062965,-0.390510214920937,7.337925612000775,8.866889652194192,-0.38491737260489534,-0.14956458328503477,7.417771172335203,3.1357784561978366,0.6124822910762892,-0.565847252682255,3.656471040005445,6.686512197700393,-1.1313311370070849,-0.26837294745194074,6.339542591943612,5.873773362899349,0.09247140058296917,-0.12844665500291708
101,4.820605678853659,2.8886880512384465,0.550636850645258,-0.3862394794347992,7.31867974337053,8.859411423029941,-0.4180467915426928,-0.15781261283464396,7.448395286889018,3.1074860935637236,0.5649838021553416,-0.5417395669068372,3.5999044831550906,6.673093550327796,-1.0865351065615922,-0.27633578762412375,6.344166161972761,5.8673510301492025,0.08334135874380122,-0.12850857541099384
102,4.848137521385922,2.8693760772667067,0.5452434503574798,-0.3810992367985125,7.297777403793395,8.851520792388209,-0.4493856815755331,-0.16548053018730036,7.4766444769967855,3.080399115218382,0.517141569729727,-0.5168199551440992,3.545577727827011,6.65927676094659,-1.0400306490347193,-0.28342862442337236,6.348333229909951,5.860925601378653,0.07420838944915503,-0.12824783117136135
103,4.8753996939037965,2.850321115426781,0.5386082929502829,-0.37512190152954594,7.2753081197146185,8.843246765878844,-0.47889598237869563,-0.17256221807405372,7.5025015554832715,3.054558117461177,0.46908293360936437,-0.4911689847581625,3.493576195375275,6.645105329725422,-0.9919724651796142,-0.28965330083357943,6.352043649382408,5.854513209820085,0.0650953909900155,-0.12767233409919218
104,4.90233010855131,2.831565020350304,0.5307759058523722,-0.3683412515503073,7.251363320595684,8.834618654975142,-0.5065450614578403,-0.17905316243817,7.525955702163739,3.029999668223269,0.4209329094676865,-0.46486723874401403,3.443977572116294,6.630622664683743,-0.9425156592983,-0.2950137887724729,6.355298418931909,5.848129593115125,0.056024696518731584,-0.12679060487589885
105,4.928868903843929,2.8131479577727885,0.5217928076995336,-0.3607923130667257,7.2260360675227915,8.825665996853234,-0.5323056736040596,-0.18495042764799824,7.5470023476371235,3.0067563062860683,0.3728139285955272,-0.43799511391832385,3.396851789151379,6.61587197524512,-0.8918153424010695,-0.29951613126081017,6.358099653757845,5.84179006287133,0.04701803093175473,-0.12561173804793987
106,4.954958544228906,2.7951083421194522,0.511707347235885,-0.35251124491635794,7.199420783842588,8.816418475470833,-0.5561559077929787,-0.1902526283214854,7.5656430440669,2.984856550590152,0.32484558997150265,-0.4106326241164159,3.3522610220313256,6.6008961686820795,-0.8400262442780241,-0.3031683807150078,6.360450555304433,5.835509475968933,0.03809647024315549,-0.12414536637849012
107,4.9805439115907,2.7774827798736346,0.5005695412645788,-0.34353522268708253,7.17161298845294,8.806905844054759,-0.5780791219431648,-0.19495989790901536,7.5818853235654755,2.9643249193843313,0.27714442499158987,-0.3828592087747598,3.3102597098174242,6.585737749646329,-0.7873023352520521,-0.30598053360469846,6.3623553788165905,5.8293022076500085,0.029280403494441852,-0.12240162465565675
108,5.0055723886539285,2.7603060187392803,0.4884309120744655,-0.3339023229012481,7.142709032355781,8.797157849159309,-0.5980638659701137,-0.19907385418605333,7.595742544815055,2.9451819589455934,0.22982367516124616,-0.3547535472563541,3.2708945930548214,6.570438722966094,-0.7337964583410342,-0.30796446172035935,6.363819398991312,5.823182126417226,0.02058949723883817,-0.120391113059948
109,5.029993934257652,2.743610902594218,0.47534432476094357,-0.3236514075533419,7.112805839057275,8.787204156450006,-0.616103793591531,-0.20259756181139285,7.607233728573117,2.9274442815827757,0.18299308301418207,-0.32639337925397166,3.2342047701377696,6.555040499880076,-0.6796599725146618,-0.30913384029911695,6.364848873853254,5.8171625707642285,0.01204266263088849,-0.11812486019249285
110,5.053761150495699,2.727428332216551,0.46136382485007355,-0.31282200928188014,7.082000649377698,8.777074278359436,-0.6321975633574876,-0.20553549211063374,7.616383382723827,2.911124612620077,0.13675869648289146,-0.2978553315835079,3.2002217715120365,6.53958380786512,-0.625042407688096,-0.30950407325910473,6.365451006984799,5.811256327754604,0.0036580251450404663,-0.1156142858640742
111,5.076829341738203,2.711787231752457,0.4465444766250729,-0.3014542174483216,7.050390771209824,8.766797503753905,-0.6463487293953164,-0.2078934802478651,7.623221317547971,2.8962318460409016,0.09122268690734765,-0.2692147516566708,3.1689696511276315,6.524108604202165,-0.5700911320509078,-0.309092215794345,6.36563390824205,5.8054756134614,-0.00454710306023859,-0.1128711637433848
112,5.099156565569457,2.696714520880041,0.4309422025435721,-0.28958856538739736,7.018073334740058,8.75640282974151,-0.6585656223738058,-0.20967867995138914,7.627782451893339,2.882771108458068,0.046483180829985225,-0.24054554789904584,3.1404650945250863,6.508653993412447,-0.5149510322854289,-0.3079168945830565,6.365406553089039,5.799832055274231,-0.012556248123248251,-0.10990758396105244
113,5.120703675696635,2.682235092610671,0.4146136241225461,-0.2772659190843754,6.985145053621368,8.74591889574394,-0.6688612212043447,-0.21089951596170536,7.630106610934837,2.8707438310631157,0.0026341056872884808,-0.2119200373562198,3.1147175429108147,6.493258148683294,-0.4597642071839598,-0.3059982258625643,6.364778740682876,5.7943366760761785,-0.020353796802032087,-0.10673591576391991
114,5.141434356902763,2.6683717966564524,0.39761590465568686,-0.2645273675254605,6.9517019925611505,8.735373919945856,-0.6772530160081855,-0.2115656343718852,7.630238316219202,2.860147829195305,-0.040234950528915785,-0.18340880070721682,3.091729332551617,6.477958237390166,-0.4046696751293139,-0.3033577316236268,6.363761050842775,5.7889998802879825,-0.027925016143538203,-0.10336877031181309
115,5.161315152135547,2.6551454282801794,0.3800065941151927,-0.2514141149578076,6.917839341760741,8.724795638227262,-0.6837628628889195,-0.21168785103190627,7.628226568692757,2.850977389159944,-0.0820388656039332,-0.1550805448810484,3.071495848795151,6.462790350808985,-0.34980309585807423,-0.3000182541760063,6.362364800035598,5.783831441772392,-0.03525607050950159,-0.09981896370659914
116,5.180315481841307,2.642574722532289,0.36184347657657173,-0.2379673752855323,6.883651198616295,8.714211245675667,-0.6884168310576148,-0.2112780981894971,7.62412462541256,2.8432233619158915,-0.12269709542575288,-0.12700197344876613,3.0540056940022473,6.447789438100184,-0.29529650688079223,-0.29600386933551726,6.360601996510123,5.7788404935870625,-0.042334035975957064,-0.09609948034073601
117,5.1984076556701355,2.6306763537680125,0.3431844204911283,-0.22422826881766939,6.849230357063415,8.703647340766192,-0.6912450428648702,-0.21034936954056846,7.617989770641272,2.836873263243453,-0.16213377233801723,-0.09923766494008829,3.0392408686582075,6.432989244633408,-0.2412780748882971,-0.29133979848060043,6.3584852947113255,5.774035519570026,-0.04914691212947741,-0.09222343664975298
118,5.215566876694692,2.619464940327129,0.32408723211637946,-0.2102377215732892,6.814668104920171,8.693129872289164,-0.6922815072993003,-0.2089156638623893,7.609883082024371,2.831911379996449,-0.2002777895889106,-0.07184995921050547,3.0271769649137927,6.418422254709378,-0.18787186242841236,-0.2860523197237177,6.356027949104852,5.769424347737538,-0.05568363128921986,-0.08820404535019269
119,5.231771238300511,2.6089530542484645,0.3046095123997716,-0.19603636733797436,6.780054029555206,8.682684089096044,-0.6915639475157074,-0.2069919274023132,7.599869192544926,2.8283188820359237,-0.23706287197768658,-0.044898851961812,3.017783371792372,6.404119638723191,-0.135197610092804,-0.2801686784395555,6.35324376754039,5.765014145470029,-0.06193406518964506,-0.08405458024149703
120,5.2470017139205,2.599151235881566,0.2848085175957879,-0.18166445265460915,6.74547583217942,8.672334492725929,-0.6891336229584561,-0.20459399519408303,7.5880160489460415,2.8260739394378334,-0.2724276328327709,-0.01844189749630962,3.011023491287732,6.390111204801213,-0.08337053440951483,-0.27371699738818805,6.350147064280908,5.760811416457954,-0.06788902916433656,-0.0797883416471433
121,5.261242139800289,2.5900680132488354,0.26474102388090437,-0.16716174491998315,6.711019151031498,8.662104792966225,-0.6850351466463469,-0.20173853147255283,7.574394667304403,2.8251518445630177,-0.30631561748653385,0.00746588023745972,3.0068549645672564,6.376425354931804,-0.03250114159307588,-0.2667261866670059,6.346752612822692,5.756821999375597,-0.07354028387668668,-0.07541862256704465
122,5.2744791909943345,2.581709926002836,0.24446319621490348,-0.15256744374708628,6.676767393699181,8.652017866392598,-0.6793162981846442,-0.1984429693560757,7.559078886430076,2.8255251385748905,-0.33867533344187084,0.03277206827162561,3.0052299074876028,6.3630890455984535,0.017304942738975884,-0.25922585372038287,6.343075598628857,5.753051068247244,-0.07888053464831721,-0.07095867560983063
123,5.286702350805079,2.574081553815482,0.22403046168085033,-0.13792009574121186,6.642801578789949,8.642095717924795,-0.6720278330678683,-0.1947254499638291,7.542145119757983,2.8271637419884716,-0.3694602674546081,0.05742693690434371,3.0060951546245516,6.350127752912434,0.06594712781670903,-0.25124621363075783,6.339131571896441,5.749503134466753,-0.08390342844096525,-0.06642168077012933
124,5.297903873889122,2.567185549028421,0.20349738751961127,-0.1232575128261166,6.6092001871365555,8.632359445426603,-0.6632232888335501,-0.1906047611329985,7.523672106385252,2.830035088833689,-0.3986288897834222,0.08138350365056479,3.009392511015387,6.337565442230896,0.1133299959106514,-0.2428179999090725,6.334936400474393,5.746182050428247,-0.0886035485521763,-0.061820714112396
125,5.308078743265102,2.5610226733871153,0.18291756405820106,-0.10861669424454569,6.576039022694878,8.622829207369954,-0.6529587886224202,-0.18610027589802913,7.503740661896081,2.8341042640162173,-0.4261446458853794,0.1045975888858695,3.0150590108109196,6.325424542235442,0.15936342448270346,-0.23397237599635237,6.330506223046784,5.743091014722626,-0.09297640708950465,-0.05716871741918068
126,5.317224621468012,2.555591838674888,0.1623434927145271,-0.09403375234544875,6.5433910832637565,8.613524193575053,-0.6412928426944846,-0.1812318908911015,7.482433429601811,2.8393341434605106,-0.45197593586032914,0.12702786323116516,3.023027182035055,6.313725923435625,0.20396269235067757,-0.22474084768167757,6.325857402692309,5.740232578851668,-0.09701843529201937,-0.05247846885801473
127,5.325341796103738,2.5508901510576156,0.14182647924429953,-0.07954384225821787,6.511326441129032,8.604462599030498,-0.6282861484431914,-0.17601996481960203,7.4598346328087946,2.845685536622069,-0.4760960819711917,0.14863588674561376,3.033225316652589,6.3024888810515405,0.24704856996074556,-0.21515517663487876,6.321006480927708,5.737608655408767,-0.10072697177174744,-0.04776255471732999
128,5.332433120065954,2.546912958944705,0.12141653237904129,-0.06518109554230414,6.479912133706873,8.595661600789517,-0.6140013894414443,-0.1704852571726623,7.436029828710235,2.85311733095935,-0.4984832845896318,0.16938614001412322,3.0455777451506263,6.2917311222197965,0.28854739389968515,-0.2052472952450457,6.31597013233912,5.735220527672901,-0.10410024875125226,-0.043033342258017346
129,5.338503946684906,2.5436539041675896,0.10116226798730375,-0.050978557888642716,6.449212064234801,8.587137337930884,-0.5985030340436329,-0.16464886730484704,7.411105664480753,2.861586637960056,-0.5191205669376829,0.18924604723405591,3.0600051148456107,6.281468757457544,0.3283911258152494,-0.19504922294837126,6.310765119901558,5.73306886056,-0.10713737637684008,-0.038302953723394206
130,5.343562060084271,2.5411049762731577,0.08111081887441204,-0.036968130937467064,6.419286912532619,8.57890489456564,-0.5818571340571632,-0.15853217404079548,7.385149636133869,2.8710489403217587,-0.5379957090155587,0.20818599142345498,3.076424671136373,6.271716296310125,0.3665173959481753,-0.18459298422100107,6.305408251082716,5.731153712873831,-0.10983832518991009,-0.033583241546491616
131,5.347617601027991,2.5392565697262843,0.06130775031937435,-0.023180518265349205,6.3901940558297605,8.570978285863601,-0.5641311239852462,-0.15215677594008306,7.358249850683092,2.8814582398929316,-0.5551011711241434,0.22617932189003392,3.0947505409337817,6.262486647099076,0.40286953151323995,-0.1739105284044442,6.299916334823221,5.729474550796507,-0.11220390684171126,-0.028885764789703124
132,5.35068298854396,2.538097543813017,0.041796981431026586,-0.009645175582690627,6.361987499630498,8.563370447066598,-0.5453936213299841,-0.1455444323567865,7.330494792126885,2.8927672059874334,-0.5704340074074745,0.24320235411638977,3.1148940175094437,6.253791120678853,0.43739657019930755,-0.16303365152274876,6.294306139481136,5.728030262557022,-0.11423575313924265,-0.024221766847968132
133,5.352772837615512,2.5376152850338825,0.022620712389089068,0.003609734828564859,6.334717818563998,8.556093225448759,-0.5257142284311406,-0.13871700542322216,7.301973091756511,2.904927323693253,-0.5839957698559121,0.2592343622323616,3.136763846019409,6.245639438102716,0.47005325908944035,-0.15199392024208458,6.288594351824173,5.726819174214623,-0.11593629351223149,-0.019602154442802267
134,5.353903873234966,2.537795771775311,0.003819357619622415,0.01655738541849568,6.308432107142441,8.549157375177598,-0.5051633363014431,-0.13169640308210498,7.272773303263715,2.917889041804871,-0.59579240322462,0.2742575642601432,3.160266508973881,6.238039742090612,0.5008000393318216,-0.14082259811463013,6.282797537148562,5.725839066492483,-0.11730873099304746,-0.01503747793064561
135,5.3540948411159475,2.5386236410462355,-0.014568515061580273,0.029172320406606812,6.283173940327369,8.542572555023494,-0.48381193090391017,-0.12450452328595771,7.2429836831024845,2.931601920017878,-0.6058341313344705,0.2882571003316493,3.185306510940472,6.23099861218488,0.5296030169204197,-0.12955057423975685,6.276932100598909,5.725087192595951,-0.11835701680306246,-0.010537912945185874
136,5.353366415362869,2.5400822570665658,-0.03250623931980197,0.04143048855646893,6.258983343782174,8.536347328859195,-0.461731402300562,-0.11716319947700887,7.212691976535761,2.9460147750344605,-0.6141353352335132,0.30122100409071745,3.2117866617864927,6.224521083472892,0.5564339199709732,-0.11820829446646883,6.271014249758756,5.724560296948692,-0.11908582364034447,-0.006113243389536023
137,5.351741103396879,2.542153781494389,-0.049959099183914196,0.05330927170156798,6.235896773667146,8.530489168885344,-0.4389933570850377,-0.10969414745506884,7.181985209774085,2.9610758252389964,-0.6207144237067436,0.31314016750497975,3.239608357785041,6.218610668749569,0.5812700429029619,-0.10682569525191359,6.265059958576739,5.724254634779215,-0.11950051776468676,-0.0017728457904144547
138,5.349243148437683,2.5448192450794673,-0.06689437195312413,0.0647875090466484,6.213947105812894,8.52500446151259,-0.41566943449415017,-0.10211891373498475,7.150949488588748,2.9767328336142453,-0.6255936966300594,0.3240082993236587,3.268671859930189,6.213269383986973,0.6040941779617235,-0.09543214028155605,6.259084932688505,5.724165992489694,-0.11960712997681965,0.0024743249772029036
139,5.345898429840027,2.5480586205318,-0.083281365155144,0.07584551727884789,6.193163634088187,8.519898515825842,-0.3918311265753222,-0.0944588254892651,7.119669803757245,2.992933248580428,-0.6287992016710254,0.33382187742810826,3.2988765688282755,6.208497776972895,0.6248945345367586,-0.0840563599473277,6.2531045761896635,5.724289708738555,-0.1194123255892375,0.006619748590105877
140,5.34173436158227,2.5518508963957425,-0.09909144759723057,0.08646510653262576,6.17357207775942,8.515175574551378,-0.36754960276822957,-0.08673494216535099,7.088229843673694,3.0096243424518336,-0.6303605848443922,0.3425800953316374,3.3301212955551134,6.204294958975529,0.6436646467525136,-0.07272639377075116,6.247133959910202,5.72462069616806,-0.11892337348640285,0.01065535080024325
141,5.336779789202408,2.5561741517223737,-0.11429807456537712,0.09662959226186206,6.1551945976210085,8.510838827443111,-0.3428955392398759,-0.07896800886081155,7.056711814431474,3.0267533472184156,-0.6303109354342472,0.35028480309400806,3.3623045278927393,6.200658639286992,0.6604032698265327,-0.061469535848720724,6.241187791235881,5.725153463708072,-0.11814811437216598,0.014573513583651927
142,5.33106488547414,2.5610056313354668,-0.12887680724032693,0.10632380308153588,6.138049820659015,8.506890427000071,-0.3179389532928105,-0.07117841153347225,7.025196267659762,3.044267587373116,-0.6286866257972449,0.35694044292399035,3.395324691384066,6.197585162494556,0.6751142657068201,-0.0503122833903142,6.235280385517273,5.725882139387254,-0.117094928302069,0.0183670839204748
143,5.324621045112123,2.5663218214895434,-0.1428053264119896,0.1155340846500632,6.122152872994374,8.503331506423397,-0.2927490431463221,-0.06338613411716443,6.9937619363699,3.0621146095193157,-0.625527146562582,0.3625539797504881,3.4290804046694072,6.19506954832504,0.687806478515534,-0.03928028840374601,6.229425639102169,5.726800493583278,-0.11577270159779401,0.02202938121491798
144,5.317480778791524,2.5720985257220463,-0.15606344058625984,0.12424829967167353,6.107515420837058,8.500162199717538,-0.26739403337026385,-0.05561071760743058,6.962485579041771,3.08024230850684,-0.6208749377442926,0.36713482704901335,3.463470728595184,6.193105533904853,0.6984936003397629,-0.028398312583366236,6.2236370040222795,5.727901962644024,-0.11419079324037074,0.025554203367198877
145,5.309677606762212,2.57831094070563,-0.1686330885901434,0.13245582410611845,6.094145719168544,8.497381663837167,-0.24194102623074126,-0.047871221175147145,6.931441832154556,3.098599049859291,-0.614775216280054,0.37069476821569924,3.498395408612172,6.1916856182756845,0.7071940279220974,-0.01769018543748661,6.217927464360261,5.729179672812384,-0.11235900083788855,0.02893583151263545
146,5.301245952332705,2.584933731910936,-0.18049833679246424,0.14014753968052304,6.082048667857007,8.494988102778409,-0.21645585918628105,-0.04018618535965226,6.900703071340554,3.117133788270076,-0.6072758005080607,0.3732478737855955,3.533755110008277,6.19080110900381,0.713930710814024,-0.007178765688795557,6.212309514318367,5.730626464388016,-0.11028752626236749,0.032169033446018125
147,5.292221035493082,2.5919411088949618,-0.19164537106825172,0.14731582280530225,6.071225874897693,8.492978793510426,-0.19100296875235548,-0.03257359738660683,6.870339281315151,3.1357961819593556,-0.5984269320896671,0.3748104147957051,3.569451645548978,6.19044217071937,0.7187309915638472,0.0031140940297719466,6.206795138005249,5.7322349160603165,-0.10798694104913975,0.035249065752284627
148,5.2826387669396695,2.5993069000352267,-0.20206248364516335,0.1539545300027607,6.061675726460075,8.491350113641095,-0.16564526093131235,-0.0250508586494884,6.8404179347106675,3.154536702699141,-0.5882810958804632,0.37540077259609794,3.6053881951271705,6.190597875420859,0.7216264385178899,0.013167579169597252,6.201395790952792,5.7339973693479305,-0.1054681516505868,0.038171674667279436
149,5.272535642757411,2.607004626535365,-0.21174005497998158,0.1600589799632694,6.05339346341351,8.49009757070862,-0.14044398838391442,-0.017634754387331385,6.811003879916644,3.173306741328946,-0.5768928382462651,0.3750393454144917,3.641469517053065,6.191256254379339,0.7226526718191718,0.022961941945852493,6.1961223833702626,5.735905953081295,-0.10274236463437483,0.04093309569501868
150,5.261948640008412,2.6150075755335283,-0.22067053082231644,0.16562593234975848,6.046371263994314,8.489215832989254,-0.11545863449787316,-0.010341425585104546,6.782159238004331,3.1920587085996703,-0.5643185843132209,0.37374845198093537,3.6776021506440237,6.192404351476632,0.7218491831916269,0.03247852670477734,6.1909852651385435,5.737952607866045,-0.0998210519144417,0.04353005201039623
151,5.250915113467296,2.6232888721510164,-0.22884839463114295,0.17065356347667718,6.04059833226942,8.48869876171,-0.09074680448802314,-0.00318634311696507,6.75394330878867,3.210746131198717,-0.5506164546328871,0.3715522325196817,3.713694609803605,6.194028277811871,0.7192591501002228,0.04169979198986444,6.185994212542822,5.740129110466565,-0.09671591610092094,0.04595975167865181
152,5.239472693735739,2.63182155032485,-0.23627013551769302,0.17514143899454848,6.036060992045019,8.488539444554151,-0.06636412364217467,0.0038157158534336613,6.726412486057026,3.2293237428247012,-0.5358460817337786,0.36847654741500707,3.7496575673086165,6.196113267411364,0.7149292448781246,0.05060932932606241,6.181158416737776,5.742427098050498,-0.0934388560529521,0.048219883725175
153,5.227659186959855,2.6405786222745777,-0.2429342118955015,0.17909048371578132,6.03274278586291,8.488730230346823,-0.042364142806252336,0.010650689207364838,6.699620181970337,3.2477475701954517,-0.5200684270205655,0.3645488738566501,3.785404029552523,6.198643733877667,0.7089094394113283,0.05919187874888077,6.176486473935128,5.744838092236757,-0.0900019327159302,0.050308613091338494
154,5.215512476365079,2.649533146460367,-0.24884101102507053,0.18250294872149697,6.030624578722597,8.489262764807192,-0.01879825118212261,0.017305248937814148,6.673616760619309,3.2659750138882844,-0.5033455984708485,0.3597982007687145,3.820849501523089,6.201603327815111,0.7012528059690066,0.06743334111281353,6.171986377299332,5.7473535228913235,-0.08641733532220146,0.052224574514034956
155,5.203070425813825,2.658658293896442,-0.2539928046466616,0.18538237589278028,6.029684666163491,8.490128027254082,0.004284403508419486,0.023766817951983772,6.648449480695766,3.28396492392672,-0.48574066956732287,0.35425492232333566,3.8559121418215394,6.204974994870751,0.6920153147642147,0.07532078722077577,6.167665510533221,5.749964751617025,-0.08269734803152612,0.05396686536843566
156,5.190370785581492,2.667927412691081,-0.2583937009001501,0.18773356001297775,6.029898886338912,8.491316368151681,0.026836987459653343,0.03002358461845465,6.6241624472174,3.3016776700428867,-0.46731749989020827,0.34795073033716956,3.89051290755975,6.20874103423179,0.6812556288246201,0.08284246382325694,6.1635306431316454,5.752663094885447,-0.07885431708481215,0.055535037515191274
157,5.1774511005364845,2.67731409069173,-0.2620495927356848,0.18956250859043833,6.0312407357118945,8.492817547382604,0.048815045803335316,0.036064515073383804,6.600796572222889,3.319075206559745,-0.44814055778110323,0.34091850584484923,3.924575689000981,6.212883157422953,0.6690348967466048,0.08998779654262415,6.159587927277405,5.755439846761207,-0.07490061854168722,0.05692908819485689
158,5.1643486208997,2.686792216121252,-0.2649681030230807,0.19087639955342994,6.0336814880020615,8.494620773136273,0.07017656021977611,0.041879363305393595,6.5783895443338345,3.3361211318519874,-0.42827474547500033,0.333192210138994,3.9580274338383115,6.217382547250084,0.6554165438984783,0.09674738978444902,6.155842896350321,5.7582863011709495,-0.07084862666942841,0.05814945001374288
159,5.151100215748546,2.6963360360989235,-0.2671585265714525,0.19168353697087065,6.03719031601305,8.496714741301542,0.09088199916129754,0.0474586790439197,6.556975807060084,3.352780742358937,-0.40778522708209725,0.32480677556117304,3.9907982610332353,6.222219916739307,0.6404660626296884,0.10311302370387171,6.152300465016849,5.7611937736716365,-0.06671068304762186,0.05919698006666958
160,5.137742289419973,2.705920212947467,-0.2686317692735573,0.19199330495399178,6.041734415971115,8.499087675253739,0.11089436072873149,0.05279381348071919,6.536586545705979,3.369021081136996,-0.3867372597853292,0.31579799632245015,4.02282156416472,6.227375567924501,0.6242508020328721,0.1090776483008477,6.1489649308644685,5.76415362267497,-0.06249906644968689,0.06007294824323877
161,5.124310700956295,2.715519878195167,-0.26940028459168086,0.1918161198951077,6.047279134007552,8.501727365927774,0.13017920825907633,0.057876922858988857,6.517249682716712,3.384810980953118,-0.3651960286032751,0.30620241962579237,4.054034104266363,6.232829450339543,0.606839757794402,0.11463537472363958,6.145839977541984,5.767157270087131,-0.05822596355908125,0.06077902476522707
162,5.1108406867267115,2.7251106841899224,-0.2694780076036674,0.19116338120031073,6.053788094420506,8.504621212070724,0.14870469869934072,0.0627009699691,6.4989898812865485,3.400121101934408,-0.34322648505130904,0.2960572373557449,4.084376092156083,6.238561219075725,0.5883033626568115,0.11978146386510954,6.142928679364029,5.770196221325393,-0.053903440574616525,0.06131726700355758
163,5.097366786346528,2.734668853249938,-0.26888028682887516,0.1900474206731459,6.061223329355473,8.50775626056918,0.1664416038579508,0.06725972359431089,6.481828557033983,3.4149239638021953,-0.3208931900166339,0.2854001785933841,4.113791260288924,6.244550292268981,0.5687132780031747,0.12451231234123365,6.1402335073352985,5.7732620846755704,-0.04954341575586569,0.06169010562401674
164,5.083922772005085,2.7441712242835954,-0.2676238140544435,0.1884814507061594,6.06954540954837,8.511119246748894,0.18336332464084729,0.07154775595396873,6.465783897533151,3.4291939727318645,-0.2982601611451974,0.274269403206693,4.142226924189083,6.250775907886043,0.5481421870592369,0.12882543594579188,6.137756336547505,5.776346589956772,-0.04515763295614708,0.061900330111455557
165,5.070541581302363,2.7535952968189035,-0.26572655238230053,0.18647951143666472,6.078713575780412,8.514696634546592,0.1994458983945265,0.07556043819564938,6.450870889475891,3.4429074428921993,-0.27539072502050516,0.2627033967581857,4.169634033542044,6.257217179683332,0.5266635901938895,0.13271945067938307,6.135498454899698,5.779441606462345,-0.040757636187031765,0.06195107372264834
166,5.057255253683248,2.7629192723907368,-0.263207662716825,0.18405641702214198,6.088685870700139,8.518474656456375,0.21466799949276164,0.07929393399140312,6.437101353224866,3.4560426127301085,-0.25234737439606725,0.25074086696287434,4.1959672130517385,6.263853152217301,0.5043516027825278,0.13619405145477,6.133460573090346,5.7825391601484775,-0.03635474525475396,0.06184579791828265
167,5.044094870547407,2.772122093241844,-0.2600874289120306,0.18122770118939066,6.099419270674777,8.522439353155946,0.22901093331755457,0.08274519129677388,6.424483984505063,3.4685796560782522,-0.22919163072468907,0.23842064192055032,4.221184793190865,6.270662854790039,0.4812807560809653,0.1392499885840738,6.131642835827608,5.7856314500443915,-0.03196003250531553,0.061588276324719464
168,5.031090499101805,2.7811834783013136,-0.256387181795564,0.17800956220990277,6.110869817340655,8.526576612720785,0.24245862379799576,0.08591193233453182,6.413024402968828,3.48050068817428,-0.20598391220910517,0.2257815703368772,4.245248830994913,6.277625354219243,0.4575258015399856,0.1418890421565081,6.130044834202343,5.7887108638606275,-0.027584300711476165,0.061182578276199655
169,5.018271140012027,2.790083956411809,-0.252129222284729,0.1744188074519286,6.122992748530555,8.530872209337511,0.25499759468313205,0.08879264186810386,6.4027252073583725,3.4917897666911237,-0.18278340757959913,0.21286242393799454,4.268125121071912,6.284719806327068,0.433161518972328,0.14411399441817138,6.128665619166769,5.791769992774437,-0.023238062131219497,0.06063305198808104
170,5.005664678897791,2.7988048967844055,-0.24733674380717596,0.170472797657379,6.135742628264712,8.535311841430916,0.2666169447366449,0.09138655383250027,6.393586036979393,3.5024328878880233,-0.15964795578530794,0.19970180227324175,4.289783197020529,6.291925506047977,0.4082625289650119,0.1459286002679018,6.127503716060208,5.794801645373841,-0.01893151876369058,0.059944307411474905
171,4.993297841707432,2.807328536667274,-0.24203375423584994,0.1661893910890633,6.149073475501544,8.539881169122541,0.27730831705211206,0.09369363639311654,6.385603639190127,3.5124179780016855,-0.13663393176692507,0.1863380400902628,4.310196323468779,6.299221936061372,0.38290310991044785,0.14733755598534354,6.126557140122024,5.797798860744415,-0.014674543825021844,0.05912119881931373
172,4.981196153995639,2.8156380062217274,-0.23624499754428913,0.1615868876908121,6.16293889135415,8.544565850942197,0.28706586269785095,0.09571457550513614,6.378771942601781,3.5217348800061985,-0.11379613845953848,0.17280911745617522,4.329341478964301,6.306588813860639,0.3571570200098354,0.14834646630917947,6.125823412930773,5.80075492068538,-0.01047666446291062,0.05816880717342791
173,4.969383904118424,2.823717350606268,-0.22999587538442767,0.15668397339979448,6.177292184489042,8.549351579717454,0.29588619890981604,0.09745075704837244,6.373082135678804,3.530375335879007,-0.09118770515541925,0.1591525727877142,4.347199329964793,6.314006137176098,0.3310973245819621,0.14896180998495615,6.125299579707627,5.803663361044051,-0.006347045725289598,0.05709242232164097
174,4.957884110349203,2.8315515492762575,-0.223312368784702,0.1514996647468253,6.192086494434533,8.554224117569873,0.30376836205973745,0.098904247614265,6.368522750421033,3.5383329645183927,-0.06885999233775417,0.14540541894232425,4.3637541961938915,6.321454227675346,0.3047962289897611,0.14919090390306544,6.124982227421363,5.806517982160133,-0.002294475794951809,0.05589752507321515
175,4.946718491909968,2.839126532513599,-0.2162209601615084,0.14605325387668086,6.20727491253752,8.559169329950587,0.31071375563363623,0.10007777402338927,6.365079750804146,3.545603235465509,-0.046862503077642156,0.13160406251109977,4.37899400764338,6.328913772870499,0.2783249174759102,0.1490418659482596,6.124867503631616,5.809312858413794,0.001672647501440739,0.05458976920019587
176,4.935907443901892,2.846429195207433,-0.2087485558319329,0.14036425411642295,6.222810600319202,8.564173218651757,0.3167260934630382,0.10097470165324977,6.362736625650264,3.5521834385910642,-0.025242801068188565,0.11778422644330008,4.392910253517175,6.336365866167912,0.25175339817743114,0.14852357668256627,6.124951136006688,5.812042346873803,0.005546328904910832,0.05317496341131905
177,4.925470016110296,2.8534474079132544,-0.20092240921019305,0.1344523462154798,6.238646904992354,8.569221953734418,0.32181133845762105,0.10159901165730528,6.361474485596855,3.558072649913229,-0.0040464353512772305,0.10398087612091764,4.405497923426046,6.343792045002041,0.2251503545677243,0.1476456399836446,6.125228452451934,5.814701095044369,0.009318986654540555,0.05165905334416365
178,4.915423895649786,2.8601700252240283,-0.19277004486441685,0.12833732537676915,6.254737471915235,8.574301904317284,0.3259776370936817,0.10195527715712631,6.361272163829291,3.563271693719275,0.01668312822538179,0.0902281489904865,4.416755441154432,6.351174327001223,0.19858300355281658,0.14641834276048957,6.125694401784661,5.817284047711578,0.012983462138167253,0.05004810362015886
179,4.905785393406565,2.866586891492867,-0.18431918360425956,0.12203904919348757,6.27103635376992,8.57939966817514,0.3292352499176968,0.10204863849030851,6.36210632024056,3.5677831011687995,0.03690456880100251,0.07655928784801384,4.426684591332073,6.358495244139247,0.17211696042686223,0.1448526138679543,6.126343574891569,5.819786452892585,0.01653302826806692,0.04834828000589376
180,4.896569434226352,2.8726888439525413,-0.17559766876344515,0.1155773866013461,6.287498116265804,8.584502100099655,0.3315964783283773,0.10188477759726834,6.36395154868061,3.5716110655612003,0.05657876554166927,0.06300657786162679,4.435290439353416,6.365737874832645,0.1458161108701747,0.1429599823408312,6.1271702263049725,5.82220386689288,0.019961396589373674,0.0465658317229349
181,4.88778955078818,2.8784677132826086,-0.16663339383464046,0.10897216795102445,6.304077940182223,8.589596338979518,0.33307558790399655,0.10146989163032843,6.366780486957694,3.5747613944542818,0.07566884594181683,0.04960128740527937,4.442581244896925,6.372885873949686,0.11974249015133723,0.1407525350672163,6.128168296134441,5.824532158479027,0.023262723131977595,0.04470707394703528
182,4.879457881096448,2.88391632168016,-0.15745423160714728,0.10224313630045748,6.320731719577423,8.594669833561035,0.3336887285444044,0.10081066586856888,6.370563929254785,3.577241458824546,0.09414022741810653,0.03637361276568657,4.448568369404492,6.379923500703047,0.09395616967329525,0.1382428740195897,6.12933143229104,5.826767512176379,0.026431613019542995,0.04277837053622581
183,4.8715851695160906,2.8890284784951827,-0.14808796495075482,0.09540990002127711,6.337416156004643,8.599710366854463,0.33345385169904207,0.09991424602177748,6.37527094062569,3.5790601394628303,0.11196065224263443,0.023352626773570376,4.453266177888157,6.386835644404027,0.06851515098182595,0.13544407316048573,6.130653012942017,5.82890643070319,0.029463123852089317,0.040786117025818976
184,4.864180771268553,2.8937989734962466,-0.1385622193817543,0.08849188680832511,6.354088848589595,8.604706079155552,0.3323906249534528,0.09878821000648445,6.380868973237821,3.5802277708015087,0.1291002158780039,0.010566231399342865,4.456691935437248,6.393607848062051,0.043475267333460146,0.13236963513781036,6.132126169134621,5.830945736554481,0.03235276788127313,0.03873672392683174
185,4.857252660299466,2.898223567836663,-0.12890439753960195,0.08150829917564371,6.370708379837268,8.609645489655875,0.3305203442472556,0.09744053927651933,6.387323984031721,3.580756082371476,0.14553138879188257,-0.0019588856574628763,4.458865698803921,6.400226329818942,0.018890092898848933,0.12903344788280066,6.133743807528685,5.8328825727508224,0.03509651300009712,0.03663660036275464
186,4.850807440422486,2.902298982795445,-0.11914161569504901,0.07447807151675855,6.387234397049631,8.614517516619701,0.32786584399632973,0.09587958978978715,6.3946005534713155,3.580658138088603,0.16122903184321927,-0.014197290366346836,4.459810203448863,6.406678002213082,-0.005189140343230647,0.12544974122132166,6.13549863317869,5.83471440276896,0.03769078257124735,0.034492138077962406
187,4.844850359637733,2.906022886371283,-0.1093006424027609,0.06741982880140639,6.403627689249447,8.61931149610919,0.3244514053910588,0.094114062692032,6.402662005063476,3.5799482735702854,0.17617040534629283,-0.026124837743365048,4.4595507464317015,6.412950489274148,-0.028713617986505353,0.12163304360667265,6.137383172307253,5.8364390096728584,0.040132454120618555,0.032309695849383084
188,4.839385327517595,2.9093938778113535,-0.09940783940354236,0.06035184697514613,6.419850259519,8.624017199243792,0.3203026631409289,0.09215297479724623,6.411470525330791,3.5786420316831173,0.19033517193218152,-0.03771870321004193,4.458115065532376,6.4190321414544815,-0.05163701083784011,0.11759813907933656,6.139389795013284,5.838054494465328,0.042418856924827344,0.03009558433132334
189,4.834414935547418,2.912411470160111,-0.08948910487329739,0.053292015122538866,6.435865392676047,8.628624847983653,0.31544651093357456,0.09000562894310006,6.4209872839274,3.5767560965226153,0.20370539334005727,-0.04895740994569348,4.455533214990484,6.424912048408449,-0.07391553482292523,0.11336002455616717,6.141510737859526,5.839559273681894,0.04454776852362935,0.027856051361591614
190,4.829940480303753,2.9150760709162378,-0.07956981910779969,0.04625779944880891,6.451637718222726,8.633125129430809,0.30991100587355175,0.08768158429831446,6.431172553594403,3.5743082260253307,0.21626552128290566,-0.05982085225492864,4.4518374382493375,6.430580049636257,-0.09550800318128862,0.10893386754837867,6.143738126285707,5.840952076249974,0.04651741019014922,0.025597267755274856
191,4.825961989348363,2.9173889608886783,-0.06967479272425617,0.03926620912911586,6.467133268516403,8.637509208645724,0.30372527216269557,0.08519062669729073,6.441985829658549,3.5713171834125843,0.22800238254383268,-0.0702903149815687,4.447062038090273,6.4360267430136755,-0.1163758709936356,0.10433496440439446,6.146063996795214,5.842231939637737,0.048326441393697024,0.023325313610712037
192,4.82247824971215,2.919352271345134,-0.05982821745253173,0.03233376406879311,6.482319532124538,8.64176873998059,0.2969194042799269,0.08254273907554682,6.453385948785741,3.5678026676635057,0.23890515847002924,-0.08034848900940543,4.441243244540591,6.441243491233895,-0.13648327210272068,0.09957869917013894,6.148480318864899,5.843398205318273,0.04997395329168078,0.02104616515037512
193,4.819486838839524,2.9209689595485737,-0.05005361958078976,0.025476464612155653,6.497165502338534,8.645895876934366,0.28952436991382074,0.07974807207760325,6.465331206709242,3.5637852432130352,0.2489653590417113,-0.08997948289909231,4.434419080935456,6.446222426192402,-0.15579704850659454,0.0946805031557288,6.150979016529483,5.844450513575792,0.0514594612887307,0.01876568211751984
194,4.816984157860484,2.9222427827791817,-0.04037381611221002,0.01870976323176214,6.511641720834225,8.649883280538246,0.2815719128961674,0.07681691490691941,6.477779474661327,3.5592862690680804,0.25817679170292623,-0.0991688307190135,4.426629228510126,6.450956451350188,-0.17428677232011477,0.0896558152937536,6.15355198959392,5.845388797681668,0.05278289670262517,0.016489595747610008
195,4.814965467054874,2.92317827094077,-0.03081087368139282,0.012048538224348065,6.525720316479034,8.653724126283592,0.27309445637917085,0.0737596664853087,6.490688314246474,3.5543278275321297,0.26653552515000656,-0.10790349613618892,4.41791488989412,6.455439242114876,-0.1919247604170305,0.08452004337043847,6.156191134429051,5.846213277469048,0.053944597577950434,0.014223497331654107
196,4.813424923370804,2.923780697851987,-0.02138607027106552,0.005507069434039935,6.539375039297992,8.657412109607858,0.2641250064928588,0.07058680698697095,6.504015090503974,3.54893265272532,0.2740398482816525,-0.11617187284113742,4.408318651873269,6.459665244283398,-0.20868608188072305,0.07928852620697183,6.158888364307948,5.846924452335631,0.054945298689636025,0.011972827386728094
197,4.812355619857251,2.924056051323689,-0.012119859761792922,-0.0009009839820713567,6.552581289622635,8.660941449957207,0.2546970567127566,0.06730886980987837,6.517717082918057,3.5431240590832633,0.2806902245221323,-0.12396378138812172,4.397884347779232,6.463629670593747,-0.22454855840678073,0.07397649686416574,6.16163562924243,5.847523093704967,0.05578612077958459,0.009742865447096108
198,4.811749626869162,2.9240110021245855,-0.003031839339574481,-0.007162603736364963,6.565316142458273,8.664306893447701,0.24484449316092483,0.06393641404474563,6.531751594144163,3.536925870013857,0.286489241735896,-0.1312704625393286,4.386656919858893,6.467328495436955,-0.23949275781498514,0.06859904693941236,6.164424935281409,5.848010236977322,0.056468559070560365,0.0075387204874881025
199,4.811598034902183,2.9236528719377675,0.0058592802214929626,-0.013265430536846052,6.577558367116319,8.66750371414994,0.23460150105610697,0.060479997499216495,6.546076056230958,3.5303623468868905,0.2914415579580103,-0.13808456720828496,4.374682281968144,6.4707584477839255,-0.2535019808419675,0.06317109202061744,6.167248363234937,5.848387173001696,0.05699447110231279,0.005365321988252569
200,4.811890998913258,2.9229896004109253,0.014535701391882639,-0.019197780157974208,6.589288442169125,8.6705277140249,0.22400247252100722,0.0569501503322137,6.560648134128859,3.5234581185264764,0.295553843170232,-0.1444001431041691,4.362007182926045,6.473917002384956,-0.26656224139873785,0.057707338357443835,6.170098086790053,5.848655439101109,0.057366063935595006,0.0032274116502791937
201,4.812617783982852,2.9220297114030265,0.022980563832458847,-0.02494865746223205,6.6004885657951755,8.67337522154151,0.2130819159466447,0.053357349350637955,6.57542582628737,3.5162381113712677,0.2988347173572531,-0.15021261818463544,4.348679070856108,6.4768023693028285,-0.27866224048948396,0.05222225080579803,6.172966389986833,5.8488168096836235,0.05758588077028938,0.0011295357657845084
202,4.813766812174475,2.9207822785299147,0.03117796545854093,-0.03050776838348851,6.611142661592508,8.676043089009042,0.20187436710533868,0.04971199301777105,6.590367562155233,3.508727480462036,0.30129468508167306,-0.15551878103032968,4.334745958831634,6.479413481843118,-0.2897933339994646,0.04673002209704977,6.175845684025347,5.848873286471913,0.0576567870242774,-0.0009239617507235251
203,4.815325710447403,2.91925689011074,0.0391129806343898,-0.03586552988805797,6.621236379947775,8.67852868865993,0.19041430219519873,0.046024377219849255,6.605432296409317,3.5009515414105192,0.3029460668195894,-0.16031675825941996,4.320256292131661,6.481749982947971,-0.29994949457047204,0.04124454347900572,6.178728523376561,5.848827088384377,0.05758195591998999,-0.0029289456687333366
204,4.817281359479122,2.917463613616337,0.04677167551719609,-0.04101307793405446,6.630757095057535,8.680829907520923,0.1787360529900489,0.04230467183433105,6.620579599750297,3.4929357034975483,0.30380292730135366,-0.16460598910520716,4.305258817403137,6.483812210121921,-0.3091272677922056,0.03577937677117015,6.181607621172561,5.84868064110094,0.05736485362574907,-0.0048814950844161065
205,4.819619943254982,2.9154129597196343,0.054141120576346236,-0.045942273454180886,6.639693897707038,8.68294514111264,0.16687372425953984,0.038562898140401175,6.635769746115365,3.484705404042288,0.30388100110402483,-0.16838719728420112,4.289802454013527,6.485601178960479,-0.31732572294696965,0.030347727872332954,6.184475863853849,5.848436566346719,0.05700922399906418,-0.00677790840053496
206,4.822326999283799,2.9131158460469253,0.06120940032022465,-0.050645706391469016,6.648037583920015,8.68487328601966,0.15486111361481836,0.03480890710923372,6.650963796170566,3.476286044178078,0.3031976157433758,-0.17166236028595724,4.273936167866179,6.487118565354096,-0.3245463985533841,0.024962421754038778,6.187326325053802,5.848097670926692,0.05651907297898203,-0.008614707646039796
207,4.825387469299811,2.910583560727352,0.06796562026906525,-0.05511669782168949,6.6557806396007555,8.68661373137512,0.14273163392556604,0.031052358608494493,6.666123676957735,3.4677029261637804,0.30177161251398293,-0.17443467621945896,4.25770884793851,6.488366686441798,-0.33079324296227075,0.019635878969021137,6.190152278702751,5.84766693554439,0.05589865267440426,-0.01038864213940565
